Player,Team,Credits,Total Points
Yashasvi Jaiswal,RR,10,263
Sameer Rizvi,DC,8.5,228
Heinrich Klaasen,SRH,10,220
Devdutt Padikkal,RCB,9,215
Ravi Bishnoi,RR,8.5,215
Nitish Kumar Reddy,SRH,9,205
Jos Buttler,GT,10,201
Vaibhav Sooryavanshi,RR,9,200
Dhruv Jurel,RR,9,192
Rashid Khan,GT,9.5,190
Ishan Kishan,SRH,10.5,182
Shubman Gill,GT,10,179
Rohit Sharma,MI,10,175
Sarfaraz Khan,CSK,7,175
Angkrish Raghuvanshi,KKR,9,170
Cooper Connolly,PBKS,7.5,169
Prasidh Krishna,GT,9,166
Anshul Kamboj,CSK,8.5,165
Sai Sudharsan,GT,10,161
Lungi Ngidi,DC,8,159
Virat Kohli,RCB,11,158
Ryan Rickelton,MI,9,156
Mukesh Kumar,DC,8.5,154
Washington Sundar,GT,8.5,149
Jaydev Unadkat,SRH,7,146
Prabhsimran Singh,PBKS,9,145
Nandre Burger,RR,7,145
KL Rahul,DC,10,144
Rajat Patidar,RCB,9,144
Jamie Overton,CSK,8,143
Harsh Dubey,SRH,8.5,142
Prince Yadav,LSG,7,142
Vijaykumar Vyshak,PBKS,8,141
Rishabh Pant,LSG,9.5,139
Jofra Archer,RR,9.5,138
Jacob Duffy,RCB,7,135
Tim David,RCB,9,134
Shivam Dube,CSK,10,131
Pathum Nissanka,DC,7,130
Ajinkya Rahane,KKR,9,129
Rinku Singh,KKR,9,128
Shreyas Iyer,PBKS,10.5,120
Finn Allen,KKR,7,118
Kagiso Rabada,GT,7.5,117
T Natarajan,DC,7.5,116
Phil Salt,RCB,9.5,115
Shardul Thakur,MI,9,113
Ayush Mhatre,CSK,9,112
Bhuvneshwar Kumar,RCB,9,110
Blessing Muzarabani,KKR,7.5,110
Kuldeep Yadav,DC,9.5,108
Suryakumar Yadav,MI,10.5,107
Eshan Malinga,SRH,8.5,107
Sandeep Sharma,RR,8,107
David Miller,DC,9,105
Xavier Bartlett,PBKS,7,102
Travis Head,SRH,10,101
Yuzvendra Chahal,PBKS,9.5,95
Riyan Parag,RR,9,95
Tilak Varma,MI,10,94
Tristan Stubbs,DC,9,94
Aiden Markram,LSG,10,93
Abhinandan Singh,RCB,7,93
Marco Jansen,PBKS,9.5,91
Mohammad Shami,LSG,8.5,90
Abhishek Sharma,SRH,10.5,89
Ravindra Jadeja,RR,10.5,88
Naman Dhir,MI,9.5,88
Aniket Verma,SRH,9,87
Vaibhav Arora,KKR,9,86
Glenn Phillips,GT,8,86
Axar Patel,DC,9.5,84
Abdul Samad,LSG,8,83
Romario Shepherd,RCB,8.5,81
Priyansh Arya,PBKS,9.5,77
Prashant Veer,CSK,8,72
Hardik Pandya,MI,10.5,71
Mitchell Marsh,LSG,10,71
Matt Henry,CSK,7.5,68
Shimron Hetmyer,RR,9.5,63
Sherfane Rutherford,MI,8,63
Avesh Khan,LSG,8,62
Suyash Sharma,RCB,8,62
Ashok Sharma,GT,7,62
Ruturaj Gaikwad,CSK,9,60
Tushar Deshpande,RR,8.5,60
Kartik Tyagi,KKR,7,60
Nitish Rana,DC,8.5,59
Mohammed Siraj,GT,9.5,58
AM Ghazanfar,MI,7,58
Mohsin Khan,LSG,7.5,55
Anukul Roy,KKR,7.5,55
Cameron Green,KKR,8,54
David Payne,SRH,7,54
Mitchell Santner,MI,9,51
Vipraj Nigam,DC,9,51
Rahul Tewatia,GT,9,48
Shivang Kumar,SRH,7.5,48
Sunil Narine,KKR,10.5,47
Krunal Pandya,RCB,9,46
Nehal Wadhera,PBKS,9.5,43
Deepak Chahar,MI,9.5,42
Kartik Sharma,CSK,7.5,41
Brijesh Sharma,RR,7,41
Sanju Samson,CSK,9.5,38
Manimaran Siddharth,LSG,7.5,37
Liam Livingstone,SRH,9,36
Corbin Bosch,MI,7.5,36
Ramandeep Singh,KKR,7.5,35
Jitesh Sharma,RCB,9,34
Kumar Kushagra,GT,7,33
Jasprit Bumrah,MI,11,32
Shashank Singh,PBKS,9,32
Shahrukh Khan,GT,8.5,30
Noor Ahmad,CSK,9,27
Mukul Choudhary,LSG,7,26
Digvesh Singh,LSG,9,25
Arshdeep Singh,PBKS,10,24
Marcus Stoinis,PBKS,9,21
Shahbaz Ahmed,LSG,8,20
Ayush Badoni,LSG,9,19
Nicholas Pooran,LSG,10.5,18
Salil Arora,SRH,7,17
Khaleel Ahmed,CSK,9.5,16
Mayank Markande,MI,7.5,14
Varun Chakaravarthy,KKR,10,12
Harshal Patel,SRH,9.5,11
Trent Boult,MI,10,9
Donovan Ferreira,RR,7.5,9
Rahul Chahar,CSK,7,8
Matthew Short,CSK,7.5,6
Rovman Powell,KKR,8,4
Navdeep Saini,KKR,7.5,4
Anrich Nortje,LSG,7,4
Mitchell Starc,DC,10,0
Josh Hazlewood,RCB,10,0
Sai Kishore,GT,9.5,0
Pat Cummins,SRH,9.5,0
Wanindu Hasaranga,LSG,9,0
Azmatullah Omarzai,PBKS,9,0
Matheesha Pathirana,KKR,9,0
Ashutosh Sharma,DC,9,0
Rachin Ravindra,KKR,9,0
Harshit Rana,KKR,9,0
Will Jacks,MI,9,0
Venkatesh Iyer,RCB,9,0
Dewald Brevis,CSK,9,0
Kamindu Mendis,SRH,8.5,0
Josh Inglis,LSG,8.5,0
Ashwani Kumar,MI,8.5,0
Harpreet Brar,PBKS,8.5,0
Sam Curran,RR,8.5,0
Abishek Porel,DC,8.5,0
MS Dhoni,CSK,8.5,0
Arshin Kulkarni,LSG,8,0
Akash Singh,LSG,8,0
Dushmantha Chameera,DC,8,0
Dasun Shanaka,RR,8,0
Arshad Khan,GT,8,0
Kyle Jamieson,DC,8,0
Vignesh Puthur,RR,8,0
Ishant Sharma,GT,8,0
Lockie Ferguson,PBKS,8,0
Manish Pandey,KKR,8,0
Urvil Patel,CSK,8,0
Rahul Tripathi,KKR,8,0
Karun Nair,DC,8,0
Jason Holder,GT,8,0
Yash Dayal,RCB,8,0
Quinton de Kock,MI,8,0
Sarthak Ranjan,KKR,7.5,0
Raj Bawa,MI,7.5,0
Aman Khan,CSK,7.5,0
Zakary Foulkes,CSK,7.5,0
Atharva Ankolekar,MI,7.5,0
Tripurana Vijay,DC,7.5,0
Ben Dwarshuis,PBKS,7.5,0
Nishant Sindhu,GT,7.5,0
Madhav Tiwari,DC,7.5,0
Ajay Mandal,DC,7.5,0
Daksh Kamra,KKR,7.5,0
Krains Fuletra,SRH,7.5,0
Satvik Deswal,RCB,7.5,0
Kanishk Chouhan,RCB,7.5,0
Mayank Rawat,MI,7.5,0
Jack Edwards,SRH,7.5,0
Vihaan Malhotra,RCB,7.5,0
Kuldeep Sen,RR,7.5,0
Yudhvir Singh,RR,7.5,0
Suryansh Shedge,PBKS,7.5,0
Shreyas Gopal,CSK,7.5,0
Musheer Khan,PBKS,7.5,0
Akeal Hosein,CSK,7.5,0
Mitchell Owen,PBKS,7.5,0
Mukesh Choudhary,CSK,7.5,0
Nuwan Thushara,RCB,7.5,0
Swapnil Singh,RCB,7.5,0
Nathan Ellis,CSK,7.5,0
Shubham Dubey,RR,7.5,0
Akash Deep,KKR,7.5,0
Rasikh Salam,RCB,7.5,0
Umran Malik,KKR,7.5,0
Shivam Mavi,SRH,7.5,0
Auqib Nabi,DC,7.5,0
Mangesh Yadav,RCB,7.5,0
Mayank Yadav,LSG,7.5,0
Tim Seifert,KKR,7.5,0
Prithvi Shaw,DC,7.5,0
Jacob Bethell,RCB,7.5,0
Vishal Nishad,PBKS,7,0
Yash Punja,RR,7,0
Prithvi Raj Yarra,GT,7,0
Kulwant Khejroliya,GT,7,0
Naman Tiwari,LSG,7,0
Sushant Mishra,RR,7,0
Jayant Yadav,GT,7,0
Luke Wood,GT,7,0
Gurnoor Brar,GT,7,0
Manav Suthar,GT,7,0
Praveen Dubey,PBKS,7,0
Adam Milne,RR,7,0
Kwena Maphaka,RR,7,0
Ramakrishna Ghosh,CSK,7,0
Spencer Johnson,CSK,7,0
Saurabh Dubey,KKR,7,0
Mohammad Izhar,MI,7,0
Raghu Sharma,MI,7,0
Onkar Tarmale,SRH,7,0
Amit Kumar,SRH,7,0
Vicky Ostwal,RCB,7,0
Prashant Solanki,KKR,7,0
Praful Hinge,SRH,7,0
Gurjapneet Singh,CSK,7,0
Lhuan-dre Pretorius,RR,7,0
Arjun Tendulkar,LSG,7,0
Tom Banton,GT,7,0
Sahil Parakh,DC,7,0
Aman Perala,RR,7,0
Ravi Singh,RR,7,0
Harnoor Singh,PBKS,7,0
Danish Malewar,MI,7,0
Pyla Avinash,PBKS,7,0
Ben Duckett,DC,7,0
Sakib Hussain,SRH,7,0
Vishnu Vinod,PBKS,7,0
Matthew Breetzke,LSG,7,0
Anuj Rawat,GT,7,0
Robin Minz,MI,7,0
Tejasvi Singh,KKR,7,0
Jordan Cox,RCB,7,0
Himmat Singh,LSG,7,0
Yash Thakur,PBKS,7,0
Brydon Carse,SRH,7,0
Akshat Raghuwanshi,LSG,7,0
Ravichandran Smaran,SRH,7,0
Zeeshan Ansari,SRH,7,0
