Player,Team,Credits,Total Points
Ishan Kishan,SRH,10.5,367
Heinrich Klaasen,SRH,10,337
Dhruv Jurel,RR,9,329
Rajat Patidar,RCB,9,328
Vaibhav Sooryavanshi,RR,9,320
Jos Buttler,GT,10,308
Virat Kohli,RCB,11,290
Yashasvi Jaiswal,RR,10,289
Ravi Bishnoi,RR,8.5,285
Prasidh Krishna,GT,9,278
Nitish Kumar Reddy,SRH,9,277
Jamie Overton,CSK,8,277
Shubman Gill,GT,10,273
Anshul Kamboj,CSK,8.5,256
Jofra Archer,RR,9.5,244
Angkrish Raghuvanshi,KKR,9,242
Devdutt Padikkal,RCB,9,240
Sameer Rizvi,DC,8.5,239
Prabhsimran Singh,PBKS,9,232
Phil Salt,RCB,9.5,231
Shreyas Iyer,PBKS,10.5,222
Ryan Rickelton,MI,9,214
Abhishek Sharma,SRH,10.5,212
Tim David,RCB,9,209
Rohit Sharma,MI,10,204
Ravindra Jadeja,RR,10.5,202
Sanju Samson,CSK,9.5,202
Pathum Nissanka,DC,7,202
Ayush Mhatre,CSK,9,198
Rashid Khan,GT,9.5,196
Prince Yadav,LSG,7,196
Cooper Connolly,PBKS,7.5,193
Rishabh Pant,LSG,9.5,192
Ajinkya Rahane,KKR,9,192
Washington Sundar,GT,8.5,190
Aiden Markram,LSG,10,188
Sarfaraz Khan,CSK,7,187
Sai Sudharsan,GT,10,183
Travis Head,SRH,10,183
Tristan Stubbs,DC,9,180
Harsh Dubey,SRH,8.5,180
KL Rahul,DC,10,176
Sherfane Rutherford,MI,8,171
Priyansh Arya,PBKS,9.5,167
Hardik Pandya,MI,10.5,166
Jacob Duffy,RCB,7,166
Suryakumar Yadav,MI,10.5,165
Shivam Dube,CSK,10,165
Lungi Ngidi,DC,8,164
Sandeep Sharma,RR,8,163
Eshan Malinga,SRH,8.5,159
Mukesh Kumar,DC,8.5,158
Nandre Burger,RR,7,154
Mohammad Shami,LSG,8.5,149
Xavier Bartlett,PBKS,7,145
Rinku Singh,KKR,9,144
Riyan Parag,RR,9,144
Jaydev Unadkat,SRH,7,144
Vaibhav Arora,KKR,9,140
Krunal Pandya,RCB,9,140
Kagiso Rabada,GT,7.5,140
Vijaykumar Vyshak,PBKS,8,139
Mukul Choudhary,LSG,7,139
Shardul Thakur,MI,9,136
Bhuvneshwar Kumar,RCB,9,136
Shivang Kumar,SRH,7.5,135
Finn Allen,KKR,7,133
Aniket Verma,SRH,9,131
Romario Shepherd,RCB,8.5,131
David Miller,DC,9,129
Praful Hinge,SRH,7,128
Donovan Ferreira,RR,7.5,127
Anukul Roy,KKR,7.5,125
Sakib Hussain,SRH,7,122
Tushar Deshpande,RR,8.5,120
Cameron Green,KKR,8,120
Ashok Sharma,GT,7,116
T Natarajan,DC,7.5,115
Axar Patel,DC,9.5,114
Ayush Badoni,LSG,9,114
Mitchell Marsh,LSG,10,113
Abdul Samad,LSG,8,113
Suyash Sharma,RCB,8,112
Brijesh Sharma,RR,7,111
Kuldeep Yadav,DC,9.5,110
Blessing Muzarabani,KKR,7.5,110
Tilak Varma,MI,10,107
Shashank Singh,PBKS,9,107
Avesh Khan,LSG,8,107
Glenn Phillips,GT,8,106
Marco Jansen,PBKS,9.5,101
Yuzvendra Chahal,PBKS,9.5,95
Kartik Tyagi,KKR,7,95
Naman Dhir,MI,9.5,93
Mohammed Siraj,GT,9.5,93
Shimron Hetmyer,RR,9.5,93
Digvesh Singh,LSG,9,93
Abhinandan Singh,RCB,7,91
Salil Arora,SRH,7,88
Mitchell Santner,MI,9,87
Sunil Narine,KKR,10.5,82
Arshdeep Singh,PBKS,10,80
Ruturaj Gaikwad,CSK,9,80
Prashant Veer,CSK,8,72
Rahul Tewatia,GT,9,71
Rovman Powell,KKR,8,71
Matt Henry,CSK,7.5,68
Jitesh Sharma,RCB,9,66
Manimaran Siddharth,LSG,7.5,66
Nicholas Pooran,LSG,10.5,64
Nehal Wadhera,PBKS,9.5,63
Nitish Rana,DC,8.5,59
Josh Hazlewood,RCB,10,58
Noor Ahmad,CSK,9,58
AM Ghazanfar,MI,7,58
Mohsin Khan,LSG,7.5,55
David Payne,SRH,7,54
Vipraj Nigam,DC,9,51
Ramandeep Singh,KKR,7.5,47
Venkatesh Iyer,RCB,9,44
Deepak Chahar,MI,9.5,42
Shahrukh Khan,GT,8.5,42
Kartik Sharma,CSK,7.5,41
Trent Boult,MI,10,40
Khaleel Ahmed,CSK,9.5,39
Rasikh Salam,RCB,7.5,37
Gurjapneet Singh,CSK,7,37
Jasprit Bumrah,MI,11,36
Liam Livingstone,SRH,9,36
Corbin Bosch,MI,7.5,36
Ashutosh Sharma,DC,9,34
Kumar Kushagra,GT,7,33
Dewald Brevis,CSK,9,32
Marcus Stoinis,PBKS,9,31
George Linde,LSG,7.5,27
Shahbaz Ahmed,LSG,8,20
Varun Chakaravarthy,KKR,10,12
Mayank Markande,MI,7.5,12
Akeal Hosein,CSK,7.5,10
Harshal Patel,SRH,9.5,9
Auqib Nabi,DC,7.5,9
Rahul Chahar,CSK,7,8
Matthew Short,CSK,7.5,6
Anrich Nortje,LSG,7,4
Navdeep Saini,KKR,7.5,2
Lhuan-dre Pretorius,RR,7,2
Mitchell Starc,DC,10,0
Sai Kishore,GT,9.5,0
Pat Cummins,SRH,9.5,0
Wanindu Hasaranga,LSG,9,0
Azmatullah Omarzai,PBKS,9,0
Matheesha Pathirana,KKR,9,0
Rachin Ravindra,KKR,9,0
Harshit Rana,KKR,9,0
Will Jacks,MI,9,0
Kamindu Mendis,SRH,8.5,0
Josh Inglis,LSG,8.5,0
Ashwani Kumar,MI,8.5,0
Harpreet Brar,PBKS,8.5,0
Abishek Porel,DC,8.5,0
Sam Curran,RR,8.5,0
MS Dhoni,CSK,8.5,0
Arshin Kulkarni,LSG,8,0
Dushmantha Chameera,DC,8,0
Akash Singh,LSG,8,0
Dasun Shanaka,RR,8,0
Arshad Khan,GT,8,0
Kyle Jamieson,DC,8,0
Vignesh Puthur,RR,8,0
Ishant Sharma,GT,8,0
Lockie Ferguson,PBKS,8,0
Manish Pandey,KKR,8,0
Urvil Patel,CSK,8,0
Rahul Tripathi,KKR,8,0
Karun Nair,DC,8,0
Jason Holder,GT,8,0
Yash Dayal,RCB,8,0
Quinton de Kock,MI,8,0
Atharva Ankolekar,MI,7.5,0
Ajay Mandal,DC,7.5,0
Madhav Tiwari,DC,7.5,0
Nishant Sindhu,GT,7.5,0
Sarthak Ranjan,KKR,7.5,0
Aman Khan,CSK,7.5,0
Ben Dwarshuis,PBKS,7.5,0
Tripurana Vijay,DC,7.5,0
Zakary Foulkes,CSK,7.5,0
Raj Bawa,MI,7.5,0
Krains Fuletra,SRH,7.5,0
Daksh Kamra,KKR,7.5,0
Satvik Deswal,RCB,7.5,0
Jack Edwards,SRH,7.5,0
Kanishk Chouhan,RCB,7.5,0
Mayank Rawat,MI,7.5,0
Vihaan Malhotra,RCB,7.5,0
Suryansh Shedge,PBKS,7.5,0
Kuldeep Sen,RR,7.5,0
Yudhvir Singh,RR,7.5,0
Shreyas Gopal,CSK,7.5,0
Musheer Khan,PBKS,7.5,0
Mitchell Owen,PBKS,7.5,0
Mukesh Choudhary,CSK,7.5,0
Nuwan Thushara,RCB,7.5,0
Swapnil Singh,RCB,7.5,0
Nathan Ellis,CSK,7.5,0
Akash Deep,KKR,7.5,0
Shubham Dubey,RR,7.5,0
Umran Malik,KKR,7.5,0
Shivam Mavi,SRH,7.5,0
Mangesh Yadav,RCB,7.5,0
Mayank Yadav,LSG,7.5,0
Prithvi Shaw,DC,7.5,0
Tim Seifert,KKR,7.5,0
Jacob Bethell,RCB,7.5,0
Jayant Yadav,GT,7,0
Kulwant Khejroliya,GT,7,0
Prithvi Raj Yarra,GT,7,0
Vishal Nishad,PBKS,7,0
Adam Milne,RR,7,0
Praveen Dubey,PBKS,7,0
Yash Punja,RR,7,0
Manav Suthar,GT,7,0
Naman Tiwari,LSG,7,0
Gurnoor Brar,GT,7,0
Sushant Mishra,RR,7,0
Luke Wood,GT,7,0
Mohammad Izhar,MI,7,0
Spencer Johnson,CSK,7,0
Saurabh Dubey,KKR,7,0
Kwena Maphaka,RR,7,0
Ramakrishna Ghosh,CSK,7,0
Onkar Tarmale,SRH,7,0
Amit Kumar,SRH,7,0
Vicky Ostwal,RCB,7,0
Prashant Solanki,KKR,7,0
Arjun Tendulkar,LSG,7,0
Raghu Sharma,MI,7,0
Sahil Parakh,DC,7,0
Tom Banton,GT,7,0
Aman Perala,RR,7,0
Harnoor Singh,PBKS,7,0
Ben Duckett,DC,7,0
Ravi Singh,RR,7,0
Danish Malewar,MI,7,0
Pyla Avinash,PBKS,7,0
Vishnu Vinod,PBKS,7,0
Anuj Rawat,GT,7,0
Matthew Breetzke,LSG,7,0
Robin Minz,MI,7,0
Tejasvi Singh,KKR,7,0
Himmat Singh,LSG,7,0
Jordan Cox,RCB,7,0
Yash Thakur,PBKS,7,0
Brydon Carse,SRH,7,0
Akshat Raghuwanshi,LSG,7,0
Zeeshan Ansari,SRH,7,0
Ravichandran Smaran,SRH,7,0
